{
  "publicPath": "/",
  "all": [
    "7.3f561760572458d604af.js",
    "674f50d287a8c48dc19ba404d20fe713.eot",
    "b06871f281fee6b241d60582ae9369b9.ttf",
    "fee66e712a8a08eef5805a46892932ad.woff",
    "af7ae505a9eed503f8b8e6982036873e.woff2",
    "204b172dd6571305bf15fe2a7903ccbc.svg",
    "0.9772ea40db06cd221730.js",
    "1.21489aad88d2680a9452.js",
    "2.71251ad87141f89a98ce.js",
    "3.aef44f68134e4a93be76.js",
    "4.1b8ce386a8c15feb415e.js",
    "5.f9336c6216e5895eeb8c.js",
    "6.38ea72fe0be2f115bc34.js",
    "912ec66d7572ff821749319396470bde.svg",
    "8.a271a18bc939c152ab46.js",
    "9.f54d7a0d8e2958601fcb.js",
    "10.428ef5a4eb94bc27de8f.js",
    "11.c59f8005ee9473978916.js",
    "12.d818720fc36eb5c9b0ac.js",
    "13.5a2ba7a87c455336bae2.js",
    "manifest.f6be8c0357475980a4e9.js",
    "vendors.eb694ee9c233ebfca714.js",
    "app.72317e02c82fcacdeb1e.css",
    "app.df28a8d9a2aac78f0303.js",
    "favicon.ico",
    "vendors.dll.503db1fbedd27cbc1d83.js",
    "__non-ssr-page__.html"
  ],
  "initial": [
    "manifest.f6be8c0357475980a4e9.js",
    "vendors.eb694ee9c233ebfca714.js",
    "app.df28a8d9a2aac78f0303.js"
  ],
  "async": [
    "7.3f561760572458d604af.js",
    "0.9772ea40db06cd221730.js",
    "1.21489aad88d2680a9452.js",
    "2.71251ad87141f89a98ce.js",
    "3.aef44f68134e4a93be76.js",
    "4.1b8ce386a8c15feb415e.js",
    "5.f9336c6216e5895eeb8c.js",
    "6.38ea72fe0be2f115bc34.js",
    "8.a271a18bc939c152ab46.js",
    "9.f54d7a0d8e2958601fcb.js",
    "10.428ef5a4eb94bc27de8f.js",
    "11.c59f8005ee9473978916.js",
    "12.d818720fc36eb5c9b0ac.js",
    "13.5a2ba7a87c455336bae2.js",
    "vendors.dll.503db1fbedd27cbc1d83.js"
  ],
  "modules": {
    "87455170": [
      21
    ],
    "7322ba69": [
      21
    ],
    "61e6a376": [
      22,
      23
    ],
    "97e0c9fa": [
      22,
      23
    ],
    "25449bc5": [
      22,
      23
    ],
    "5b11b230": [
      21
    ],
    "97b601ac": [
      21
    ],
    "98cbf18c": [
      21
    ],
    "e35a96ba": [
      21
    ],
    "6a70ad38": [
      21
    ],
    "b25ff6c8": [
      22,
      23
    ],
    "3a58ca68": [
      22,
      23
    ],
    "05813cdb": [
      21
    ],
    "403cf13a": [
      21
    ],
    "16b222ec": [
      21
    ],
    "269b2034": [
      22,
      23
    ],
    "0f9d17c4": [
      21
    ],
    "c01d5c4a": [
      21
    ],
    "3ee15a93": [
      21
    ],
    "13169b85": [
      21
    ],
    "1756e13a": [
      21
    ],
    "2cda1b08": [
      21
    ],
    "a01fd852": [
      21
    ],
    "18a04ac2": [
      21
    ],
    "8f02018a": [
      21
    ],
    "4b030848": [
      21
    ],
    "e8131fc6": [
      21
    ],
    "2da5c7a8": [
      22,
      23
    ],
    "1b0dd576": [
      22,
      23
    ],
    "4dbfc077": [
      22,
      23
    ],
    "a0b26952": [
      22,
      23
    ],
    "29a3ce18": [
      22,
      23
    ],
    "5da5007b": [
      22,
      23
    ],
    "1455ab04": [
      22,
      23
    ],
    "19b3cf71": [
      21
    ],
    "47ff75ec": [
      21
    ],
    "f14e1b9a": [
      22,
      23
    ],
    "4e3e58be": [
      22,
      23
    ],
    "1098e289": [
      21
    ],
    "4b32240d": [
      21
    ],
    "e112522a": [
      21
    ],
    "63306dd8": [
      21
    ],
    "41866dd6": [
      21
    ],
    "db13b558": [
      21
    ],
    "0271bcfe": [
      21
    ],
    "2dc225f5": [
      21
    ],
    "316d8401": [
      21
    ],
    "0c3c7821": [
      21
    ],
    "44f1120a": [
      21
    ],
    "6e5dc0b7": [
      21
    ],
    "17f4d379": [
      21
    ],
    "98cd95f8": [
      22,
      23
    ],
    "600d0b7a": [
      22,
      23
    ],
    "6087972e": [
      22,
      23
    ],
    "7819c346": [
      22,
      23
    ],
    "13830d38": [
      21
    ],
    "7a26a346": [
      22,
      23
    ],
    "b8acdb6a": [
      22,
      23
    ],
    "292895fa": [
      22,
      23
    ],
    "01f712c7": [
      22,
      23
    ],
    "4147e2a8": [
      22,
      23
    ],
    "1b643982": [
      22,
      23
    ],
    "3659e6ee": [
      22,
      23
    ],
    "7335e5d4": [
      22,
      23
    ],
    "6bc7c114": [
      22,
      23
    ],
    "63edd8c2": [
      22,
      23
    ],
    "384d344e": [
      22,
      23
    ],
    "6db48daf": [
      22,
      23
    ],
    "fdf763ba": [
      22,
      23
    ],
    "769c0e96": [
      22,
      23
    ],
    "7e40e7aa": [
      22,
      23
    ],
    "42225bbe": [
      22,
      23
    ],
    "cbb2928e": [
      21
    ],
    "3afe37dc": [
      21
    ],
    "05dd22eb": [
      21
    ],
    "68d8b05d": [
      21
    ],
    "5750b0d8": [
      21
    ],
    "9347336a": [
      21
    ],
    "8a875418": [
      21
    ],
    "5bbf10c0": [
      21
    ],
    "96c7ba86": [
      21
    ],
    "201b19f4": [
      21
    ],
    "c216329e": [
      21
    ],
    "677f8cda": [
      21
    ],
    "48f26fa6": [
      21
    ],
    "1df82124": [
      21
    ],
    "f7e0363a": [
      21
    ],
    "321e966d": [
      21
    ],
    "3e216eb6": [
      21
    ],
    "79286c18": [
      21
    ],
    "2335b943": [
      21
    ],
    "2c794020": [
      21
    ],
    "c4c2d278": [
      21
    ],
    "c22cb07a": [
      21
    ],
    "3e028002": [
      21
    ],
    "3bb5dbc6": [
      21
    ],
    "88081ec2": [
      21
    ],
    "82cdb34e": [
      21
    ],
    "79137a00": [
      21
    ],
    "236dd319": [
      21
    ],
    "d6854ff8": [
      21
    ],
    "ee3fdc0a": [
      21
    ],
    "59a771e7": [
      21
    ],
    "94ea28ca": [
      21
    ],
    "a444b610": [
      21
    ],
    "64b2fffe": [
      21
    ],
    "fffbbe2a": [
      21
    ],
    "5f203f7c": [
      22,
      23
    ],
    "00338856": [
      21
    ],
    "d54d7d34": [
      21
    ],
    "07e0388d": [
      21
    ],
    "71ecab6e": [
      22,
      23
    ],
    "88054c64": [
      22,
      23
    ],
    "35575b84": [
      22,
      23
    ],
    "043a98d7": [
      22,
      23
    ],
    "e92fd14e": [
      22,
      23
    ],
    "2aa7021f": [
      22,
      23
    ],
    "b955a886": [
      22,
      23
    ],
    "0534f69f": [
      22,
      23
    ],
    "bf785f9e": [
      22,
      23
    ],
    "9db96540": [
      22,
      23
    ],
    "7a5021c3": [
      22,
      23
    ],
    "b1656e56": [
      22,
      23
    ],
    "2bb281fd": [
      22,
      23
    ],
    "077c21b8": [
      22,
      23
    ],
    "66de2111": [
      22,
      23
    ],
    "42a7c0cc": [
      22,
      23
    ],
    "fa760906": [
      22,
      23
    ],
    "5e8e9b38": [
      22,
      23
    ],
    "293e7d96": [
      22,
      23
    ],
    "54ccf24c": [
      22,
      23
    ],
    "9a5e9a44": [
      22,
      23
    ],
    "0d518a90": [
      22,
      23
    ],
    "99ba61f6": [
      22,
      23
    ],
    "01b97ef6": [
      21
    ],
    "47ed5f7c": [
      21
    ],
    "1d244388": [
      21
    ],
    "02d32dc6": [
      21
    ],
    "ca53b24c": [
      21
    ],
    "1e18b7dc": [
      21
    ],
    "5cafa6db": [
      21
    ],
    "2b2fed28": [
      21
    ],
    "ba4ad194": [
      21
    ],
    "508b3f75": [
      21
    ],
    "3ae2edac": [
      21
    ],
    "5b2403d4": [
      21
    ],
    "73329c92": [
      21
    ],
    "be13c69c": [
      21
    ],
    "2decaf4c": [
      21
    ],
    "cba19a66": [
      21
    ],
    "15b481fa": [
      21
    ],
    "57d90106": [
      21
    ],
    "76684b21": [
      21
    ],
    "5fa5f157": [
      21
    ],
    "87e879ec": [
      21
    ],
    "196f2892": [
      21
    ],
    "07bacb46": [
      21
    ],
    "d2a2f73e": [
      21
    ],
    "6fd148ac": [
      21
    ],
    "a85f9e50": [
      21
    ],
    "727391b3": [
      21
    ],
    "30c2122c": [
      21
    ],
    "0f503c50": [
      21
    ],
    "2cb29d0e": [
      21
    ],
    "9b9d50bc": [
      21
    ],
    "45b75942": [
      21
    ],
    "c4ea43c4": [
      21
    ],
    "ed5d454c": [
      21
    ],