{
  "publicPath": "/",
  "all": [
    "8.dc589734525e2b812c33.js",
    "674f50d287a8c48dc19ba404d20fe713.eot",
    "b06871f281fee6b241d60582ae9369b9.ttf",
    "fee66e712a8a08eef5805a46892932ad.woff",
    "af7ae505a9eed503f8b8e6982036873e.woff2",
    "204b172dd6571305bf15fe2a7903ccbc.svg",
    "0.0f213d7be42e90dae63b.js",
    "1.46180bb9e064a5b2126e.js",
    "2.b56e80495f48f8e05fa8.js",
    "3.6ce37964ff7495e10ed3.js",
    "4.08f0c0ee312f2e3a3a1b.js",
    "5.34b3eb903ef8f92a5d97.js",
    "6.2c97b936001f7d3a78bb.js",
    "7.97a0fce9c456dcb4ecc9.js",
    "912ec66d7572ff821749319396470bde.svg",
    "9.7b0033839eda905cc40a.js",
    "10.c00d141e9efc12edc8dd.js",
    "11.27aa25ac955026a98e9d.js",
    "12.f9067b505192ea77048a.js",
    "13.38a14e18665711761423.js",
    "manifest.dde6e3b91b3795b2a118.js",
    "vendors.e0532a3a476060c88c3d.js",
    "app.8594a68547bd57a21d75.js",
    "app.289aca7ff86282c2954dabc8097a6d5f.css",
    "app.ca8962fad249779b7e3aacb1c5d4faac.css",
    "favicon.ico",
    "vendors.dll.f1610146fb4c5e719f0b.js",
    "__non-ssr-page__.html"
  ],
  "initial": [
    "manifest.dde6e3b91b3795b2a118.js",
    "vendors.e0532a3a476060c88c3d.js",
    "app.8594a68547bd57a21d75.js"
  ],
  "async": [
    "8.dc589734525e2b812c33.js",
    "0.0f213d7be42e90dae63b.js",
    "1.46180bb9e064a5b2126e.js",
    "2.b56e80495f48f8e05fa8.js",
    "3.6ce37964ff7495e10ed3.js",
    "4.08f0c0ee312f2e3a3a1b.js",
    "5.34b3eb903ef8f92a5d97.js",
    "6.2c97b936001f7d3a78bb.js",
    "7.97a0fce9c456dcb4ecc9.js",
    "9.7b0033839eda905cc40a.js",
    "10.c00d141e9efc12edc8dd.js",
    "11.27aa25ac955026a98e9d.js",
    "12.f9067b505192ea77048a.js",
    "13.38a14e18665711761423.js",
    "vendors.dll.f1610146fb4c5e719f0b.js"
  ],
  "modules": {
    "29945586": [
      22,
      23
    ],
    "74967944": [
      22,
      23
    ],
    "b1a310c0": [
      22,
      23
    ],
    "8ef84ff2": [
      21,
      24
    ],
    "55206a62": [
      22,
      23
    ],
    "c9afc88c": [
      21,
      24
    ],
    "af309bbe": [
      22,
      23
    ],
    "78db2b82": [
      22,
      23
    ],
    "6428fbf4": [
      22,
      23
    ],
    "5570e6ce": [
      22,
      23
    ],
    "f5fdf956": [
      22,
      23
    ],
    "797e676e": [
      22,
      23
    ],
    "0757389e": [
      22,
      23
    ],
    "5ca817ba": [
      21,
      24
    ],
    "3ee15a93": [
      21,
      24
    ],
    "97b601ac": [
      21,
      24
    ],
    "98cbf18c": [
      21,
      24
    ],
    "6a70ad38": [
      21,
      24
    ],
    "19b3cf71": [
      21,
      24
    ],
    "e35a96ba": [
      21,
      24
    ],
    "47ff75ec": [
      21,
      24
    ],
    "3dad3a29": [
      22,
      23
    ],
    "e112522a": [
      21,
      24
    ],
    "c8c2fc8e": [
      22,
      23
    ],
    "b37ca8bc": [
      22,
      23
    ],
    "aedcacc6": [
      22,
      23
    ],
    "c9e7f88a": [
      22,
      23
    ],
    "62ace2e6": [
      22,
      23
    ],
    "6f232d92": [
      22,
      23
    ],
    "f85222e0": [
      22,
      23
    ],
    "735a68a3": [
      22,
      23
    ],
    "edaa8a46": [
      22,
      23
    ],
    "1305e2b3": [
      22,
      23
    ],
    "2655a327": [
      22,
      23
    ],
    "7c146231": [
      22,
      23
    ],
    "294d86a7": [
      22,
      23
    ],
    "770d21c2": [
      22,
      23
    ],
    "6e5b24f0": [
      21,
      24
    ],
    "c7d63090": [
      22,
      23
    ],
    "13830d38": [
      21,
      24
    ],
    "1098e289": [
      21,
      24
    ],
    "4b32240d": [
      21,
      24
    ],
    "e1e45648": [
      22,
      23
    ],
    "3d6409c6": [
      22,
      23
    ],
    "4512f67e": [
      22,
      23
    ],
    "5b0eac4a": [
      22,
      23
    ],
    "e92fd14e": [
      22,
      23
    ],
    "7d5e909e": [
      22,
      23
    ],
    "563f0dac": [
      22,
      23
    ],
    "6d2dc37d": [
      22,
      23
    ],
    "2bb281fd": [
      22,
      23
    ],
    "077c21b8": [
      22,
      23
    ],
    "66de2111": [
      22,
      23
    ],
    "42a7c0cc": [
      22,
      23
    ],
    "fa760906": [
      22,
      23
    ],
    "5e8e9b38": [
      22,
      23
    ],
    "293e7d96": [
      22,
      23
    ],
    "f668ad70": [
      22,
      23
    ],
    "0d518a90": [
      22,
      23
    ],
    "ad5703c2": [
      22,
      23
    ],
    "36ef862a": [
      22,
      23
    ],
    "6d217af1": [
      22,
      23
    ],
    "ae63ccb0": [
      22,
      23
    ],
    "4b9cf422": [
      22,
      23
    ],
    "5d27aad8": [
      22,
      23
    ],
    "4e51304b": [
      22,
      23
    ],
    "93e213b6": [
      21,
      24
    ],
    "00338856": [
      21,
      24
    ],
    "d54d7d34": [
      21,
      24
    ]
  }
}