{
  "publicPath": "/",
  "all": [
    "7.613dd2723962d7324a8c.js",
    "674f50d287a8c48dc19ba404d20fe713.eot",
    "fee66e712a8a08eef5805a46892932ad.woff",
    "b06871f281fee6b241d60582ae9369b9.ttf",
    "912ec66d7572ff821749319396470bde.svg",
    "204b172dd6571305bf15fe2a7903ccbc.svg",
    "0.d14e5d1b31083d292e21.js",
    "1.71daeea17e51e0f0e00b.js",
    "2.6e39025da6254e57687f.js",
    "3.52eba5263340a5891dca.js",
    "4.8fa67747cb40a4cccbd9.js",
    "5.8362c4317fb2f6203012.js",
    "6.5c24d8c4e8d66c599218.js",
    "af7ae505a9eed503f8b8e6982036873e.woff2",
    "8.701ac403a27657fafbfb.js",
    "9.0c7e1d59992701972507.js",
    "10.920688a8a6cc06708d23.js",
    "11.820cda3ea24a525c265d.js",
    "12.732d97606ccc34ba8f72.js",
    "13.331d0c33e4ad3fb2123d.js",
    "app.92ebbf5533d9b635628b.js",
    "vendors.3abb3de380c5b5434410.js",
    "manifest.99fbbe76a492f55e0288.js",
    "app.a251d554bf065c9fbd08cf3b22387b7a.css",
    "favicon.ico",
    "__non-ssr-page__.html"
  ],
  "initial": [
    "manifest.99fbbe76a492f55e0288.js",
    "vendors.3abb3de380c5b5434410.js",
    "app.92ebbf5533d9b635628b.js"
  ],
  "async": [
    "7.613dd2723962d7324a8c.js",
    "0.d14e5d1b31083d292e21.js",
    "1.71daeea17e51e0f0e00b.js",
    "2.6e39025da6254e57687f.js",
    "3.52eba5263340a5891dca.js",
    "4.8fa67747cb40a4cccbd9.js",
    "5.8362c4317fb2f6203012.js",
    "6.5c24d8c4e8d66c599218.js",
    "8.701ac403a27657fafbfb.js",
    "9.0c7e1d59992701972507.js",
    "10.920688a8a6cc06708d23.js",
    "11.820cda3ea24a525c265d.js",
    "12.732d97606ccc34ba8f72.js",
    "13.331d0c33e4ad3fb2123d.js"
  ],
  "modules": {
    "29945586": [
      20,
      23
    ],
    "79357429": [
      8
    ],
    "98cbf18c": [
      21,
      1,
      13,
      2,
      3,
      4
    ],
    "0f408efd": [
      20,
      23
    ],
    "1098e289": [
      21,
      1,
      13,
      2,
      3,
      4
    ],
    "247db3dc": [
      20,
      23
    ],
    "8ef84ff2": [
      21,
      1,
      13,
      2,
      3,
      4
    ],
    "0e07547c": [
      20,
      23
    ],
    "13830d38": [
      21,
      1,
      13,
      2,
      3,
      4
    ],
    "d54d7d34": [
      21,
      1,
      13,
      2,
      3,
      4
    ],
    "573360de": [
      20,
      23
    ],
    "20f1b5cf": [
      21,
      1,
      13,
      2,
      3,
      4
    ],
    "e112522a": [
      21,
      1,
      13,
      2,
      3,
      4
    ],
    "269b2034": [
      20,
      23
    ],
    "7b13986f": [
      20,
      23
    ],
    "2c8da03a": [
      20,
      23
    ],
    "4b32240d": [
      21,
      1,
      13,
      2,
      3,
      4
    ],
    "00338856": [
      21,
      1,
      13,
      2,
      3,
      4
    ],
    "0337c0bd": [
      20,
      23
    ],
    "06101b06": [
      20,
      23
    ],
    "5616a78e": [
      20,
      23
    ],
    "f652f918": [
      20,
      23
    ],
    "4e51304b": [
      20,
      23
    ],
    "1707c9d9": [
      20,
      23
    ],
    "d03c0f8a": [
      20,
      23
    ],
    "e8b4d168": [
      20,
      23
    ],
    "4b9cf422": [
      20,
      23
    ],
    "2577d810": [
      20,
      23
    ],
    "ae63ccb0": [
      20,
      23
    ],
    "ea6dbc84": [
      20,
      23
    ],
    "164a2be7": [
      20,
      23
    ],
    "74d3dab2": [
      21,
      1,
      13,
      2,
      3,
      4
    ],
    "102d5afb": [
      20,
      23
    ],
    "1be78abf": [
      20,
      23
    ],
    "0f6a8679": [
      20,
      23
    ],
    "02edc494": [
      20,
      23
    ],
    "42225bbe": [
      20,
      23
    ],
    "7e40e7aa": [
      20,
      23
    ],
    "769c0e96": [
      20,
      23
    ],
    "fdf763ba": [
      20,
      23
    ],
    "6db48daf": [
      20,
      23
    ],
    "384d344e": [
      20,
      23
    ],
    "63edd8c2": [
      20,
      23
    ],
    "6bc7c114": [
      20,
      23
    ],
    "7335e5d4": [
      20,
      23
    ],
    "3659e6ee": [
      20,
      23
    ],
    "1b643982": [
      20,
      23
    ],
    "5167c904": [
      20,
      23
    ],
    "5e8e9b38": [
      20,
      23
    ],
    "fa760906": [
      20,
      23
    ],
    "42a7c0cc": [
      20,
      23
    ],
    "66de2111": [
      20,
      23
    ],
    "077c21b8": [
      20,
      23
    ],
    "2bb281fd": [
      20,
      23
    ],
    "f668ad70": [
      20,
      23
    ],
    "6d2dc37d": [
      20,
      23
    ],
    "563f0dac": [
      20,
      23
    ],
    "7d5e909e": [
      20,
      23
    ],
    "0d1a887e": [
      20,
      23
    ],
    "02775e95": [
      20,
      23
    ],
    "1a034d6c": [
      20,
      23
    ],
    "043a98d7": [
      20,
      23
    ],
    "c01d5c4a": [
      21,
      1,
      13,
      2,
      3,
      4
    ],
    "3a2b8e8d": [
      21,
      1,
      13,
      2,
      3,
      4
    ],
    "947570d6": [
      21,
      1,
      13,
      2,
      3,
      4
    ],
    "87cbdbee": [
      21,
      1,
      13,
      2,
      3,
      4
    ],
    "1edb32d9": [
      21,
      1,
      13,
      2,
      3,
      4
    ],
    "719f470e": [
      21,
      1,
      13,
      2,
      3,
      4
    ],
    "87cb6a36": [
      21,
      1,
      13,
      2,
      3,
      4
    ],
    "87cb713a": [
      21,
      1,
      13,
      2,
      3,
      4
    ],
    "59864d4a": [
      10
    ],
    "b47af748": [
      10
    ],
    "588598a6": [
      6
    ],
    "0cb47558": [
      6
    ],
    "73c0dec2": [
      6
    ],
    "14e10b70": [
      6
    ],
    "4c6f7d8a": [
      6
    ],
    "24e0ab90": [
      6
    ],
    "774c7003": [
      6
    ],
    "0b9c4dd6": [
      6
    ],
    "32903fac": [
      6
    ],
    "45e74cbc": [
      6
    ],
    "3c8a5a39": [
      6
    ],
    "392f896f": [
      6
    ],
    "24f11157": [
      8
    ],
    "f09688ba": [
      7,
      5
    ],
    "28d4e851": [
      7,
      5
    ],
    "71bd14ba": [
      7,
      5
    ],
    "208382f8": [
      9
    ],
    "b92e27ec": [
      9
    ],
    "6878b614": [
      10
    ],
    "4151b62a": [
      6
    ],
    "04393c3b": [
      18
    ],
    "719b3813": [
      8
    ],
    "64148bc8": [
      19
    ],
    "1de40b25": [
      17
    ],
    "56548b16": [
      16
    ],
    "9f03a44c": [
      12
    ],
    "7dcbea92": [
      15
    ],
    "1a89b036": [
      14
    ],
    "35b7f7b8": [
      7,
      5
    ],
    "2ff25725": [
      11
    ],
    "e357b9aa": [
      9
    ],
    "505a3852": [
      0
    ]
  }
}