{
  "publicPath": "/",
  "all": [
    "7.147d7d7d14b549a8e263.js",
    "674f50d287a8c48dc19ba404d20fe713.eot",
    "fee66e712a8a08eef5805a46892932ad.woff",
    "b06871f281fee6b241d60582ae9369b9.ttf",
    "912ec66d7572ff821749319396470bde.svg",
    "204b172dd6571305bf15fe2a7903ccbc.svg",
    "0.e081cf7b84cb0e056363.js",
    "1.312827bb65b4a11dee64.js",
    "2.565ae18638d512c93d8e.js",
    "3.00a230a759415f558c54.js",
    "4.48b4357bc5c47371b9a5.js",
    "5.cf05a9f55f551c395307.js",
    "6.077318ba776092a2b3bd.js",
    "af7ae505a9eed503f8b8e6982036873e.woff2",
    "8.56b95761eb1cae14fefd.js",
    "9.d151900788c5a30dc3ad.js",
    "10.70c4e1f09f30e365aa6b.js",
    "11.e3168c4d907e0eee594b.js",
    "12.6fdfc98cf2c142ae3c96.js",
    "13.d9606cafeca5a01adf10.js",
    "vendors.4032fd2a2bb2b17ecbd1.js",
    "app.a538352eb04858d2631b.js",
    "manifest.e7cbc7e61738987830bf.js",
    "app.a538352eb04858d2631b.css",
    "favicon.ico",
    "__non-ssr-page__.html"
  ],
  "initial": [
    "manifest.e7cbc7e61738987830bf.js",
    "vendors.4032fd2a2bb2b17ecbd1.js",
    "app.a538352eb04858d2631b.js"
  ],
  "async": [
    "7.147d7d7d14b549a8e263.js",
    "0.e081cf7b84cb0e056363.js",
    "1.312827bb65b4a11dee64.js",
    "2.565ae18638d512c93d8e.js",
    "3.00a230a759415f558c54.js",
    "4.48b4357bc5c47371b9a5.js",
    "5.cf05a9f55f551c395307.js",
    "6.077318ba776092a2b3bd.js",
    "8.56b95761eb1cae14fefd.js",
    "9.d151900788c5a30dc3ad.js",
    "10.70c4e1f09f30e365aa6b.js",
    "11.e3168c4d907e0eee594b.js",
    "12.6fdfc98cf2c142ae3c96.js",
    "13.d9606cafeca5a01adf10.js"
  ],
  "modules": {
    "29945586": [
      21,
      23
    ],
    "79357429": [
      8
    ],
    "98cbf18c": [
      20,
      1,
      13,
      2,
      3,
      4
    ],
    "7ef0b39b": [
      20,
      1,
      13,
      2,
      3,
      4
    ],
    "cbb964f8": [
      20,
      1,
      13,
      2,
      3,
      4
    ],
    "1098e289": [
      20,
      1,
      13,
      2,
      3,
      4
    ],
    "8ef84ff2": [
      20,
      1,
      13,
      2,
      3,
      4
    ],
    "c62f0cca": [
      20,
      1,
      13,
      2,
      3,
      4
    ],
    "4b2c855b": [
      20,
      1,
      13,
      2,
      3,
      4
    ],
    "13830d38": [
      20,
      1,
      13,
      2,
      3,
      4
    ],
    "d54d7d34": [
      20,
      1,
      13,
      2,
      3,
      4
    ],
    "573360de": [
      21,
      23
    ],
    "20f1b5cf": [
      20,
      1,
      13,
      2,
      3,
      4
    ],
    "c12f2872": [
      20,
      1,
      13,
      2,
      3,
      4
    ],
    "52df4bec": [
      20,
      1,
      13,
      2,
      3,
      4
    ],
    "e112522a": [
      20,
      1,
      13,
      2,
      3,
      4
    ],
    "269b2034": [
      21,
      23
    ],
    "7b13986f": [
      21,
      23
    ],
    "61d3490e": [
      20,
      1,
      13,
      2,
      3,
      4
    ],
    "0867bb72": [
      20,
      1,
      13,
      2,
      3,
      4
    ],
    "568cad02": [
      20,
      1,
      13,
      2,
      3,
      4
    ],
    "657e6fdd": [
      20,
      1,
      13,
      2,
      3,
      4
    ],
    "a42bd108": [
      20,
      1,
      13,
      2,
      3,
      4
    ],
    "c24d18b4": [
      20,
      1,
      13,
      2,
      3,
      4
    ],
    "4b32240d": [
      20,
      1,
      13,
      2,
      3,
      4
    ],
    "00338856": [
      20,
      1,
      13,
      2,
      3,
      4
    ],
    "0337c0bd": [
      21,
      23
    ],
    "a5949082": [
      20,
      1,
      13,
      2,
      3,
      4
    ],
    "06101b06": [
      21,
      23
    ],
    "39ad952d": [
      20,
      1,
      13,
      2,
      3,
      4
    ],
    "5616a78e": [
      21,
      23
    ],
    "f652f918": [
      21,
      23
    ],
    "4e51304b": [
      21,
      23
    ],
    "1707c9d9": [
      21,
      23
    ],
    "504eff9f": [
      20,
      1,
      13,
      2,
      3,
      4
    ],
    "5ceceacc": [
      20,
      1,
      13,
      2,
      3,
      4
    ],
    "59ded733": [
      20,
      1,
      13,
      2,
      3,
      4
    ],
    "1a49d45a": [
      20,
      1,
      13,
      2,
      3,
      4
    ],
    "6fc5a9ba": [
      20,
      1,
      13,
      2,
      3,
      4
    ],
    "2734822b": [
      20,
      1,
      13,
      2,
      3,
      4
    ],
    "c2eb95e4": [
      20,
      1,
      13,
      2,
      3,
      4
    ],
    "33944ac8": [
      20,
      1,
      13,
      2,
      3,
      4
    ],
    "dc8e0ce4": [
      20,
      1,
      13,
      2,
      3,
      4
    ],
    "1b39c4ab": [
      20,
      1,
      13,
      2,
      3,
      4
    ],
    "683181a0": [
      20,
      1,
      13,
      2,
      3,
      4
    ],
    "bc2fea06": [
      20,
      1,
      13,
      2,
      3,
      4
    ],
    "5b2d7bf4": [
      20,
      1,
      13,
      2,
      3,
      4
    ],
    "2d829c53": [
      20,
      1,
      13,
      2,
      3,
      4
    ],
    "c4ec3b1e": [
      20,
      1,
      13,
      2,
      3,
      4
    ],
    "1bac2a7c": [
      20,
      1,
      13,
      2,
      3,
      4
    ],
    "f53c1da2": [
      20,
      1,
      13,
      2,
      3,
      4
    ],
    "1533047c": [
      20,
      1,
      13,
      2,
      3,
      4
    ],
    "bcf8d272": [
      20,
      1,
      13,
      2,
      3,
      4
    ],
    "199d3c83": [
      20,
      1,
      13,
      2,
      3,
      4
    ],
    "d03c0f8a": [
      21,
      23
    ],
    "e8b4d168": [
      21,
      23
    ],
    "4b9cf422": [
      21,
      23
    ],
    "0b78abcf": [
      20,
      1,
      13,
      2,
      3,
      4
    ],
    "2577d810": [
      21,
      23
    ],
    "ae63ccb0": [
      21,
      23
    ],
    "ea6dbc84": [
      21,
      23
    ],
    "164a2be7": [
      21,
      23
    ],
    "74d3dab2": [
      20,
      1,
      13,
      2,
      3,
      4
    ],
    "1be78abf": [
      21,
      23
    ],
    "0270a705": [
      20,
      1,
      13,
      2,
      3,
      4
    ],
    "4aee95b4": [
      20,
      1,
      13,
      2,
      3,
      4
    ],
    "42225bbe": [
      21,
      23
    ],
    "7e40e7aa": [
      21,
      23
    ],
    "769c0e96": [
      21,
      23
    ],
    "fdf763ba": [
      21,
      23
    ],
    "6db48daf": [
      21,
      23
    ],
    "384d344e": [
      21,
      23
    ],
    "63edd8c2": [
      21,
      23
    ],
    "6bc7c114": [
      21,
      23
    ],
    "7335e5d4": [
      21,
      23
    ],
    "3659e6ee": [
      21,
      23
    ],
    "1b643982": [
      21,
      23
    ],
    "5167c904": [
      21,
      23
    ],
    "5e8e9b38": [
      21,
      23
    ],
    "fa760906": [
      21,
      23
    ],
    "42a7c0cc": [
      21,
      23
    ],
    "66de2111": [
      21,
      23
    ],
    "077c21b8": [
      21,
      23
    ],
    "2bb281fd": [
      21,
      23
    ],
    "f668ad70": [
      21,
      23
    ],
    "6d2dc37d": [
      21,
      23
    ],
    "563f0dac": [
      21,
      23
    ],
    "7d5e909e": [
      21,
      23
    ],
    "9ec8f89e": [
      20,
      1,
      13,
      2,
      3,
      4
    ],
    "1a034d6c": [
      21,
      23
    ],
    "043a98d7": [
      21,
      23
    ],
    "c01d5c4a": [
      20,
      1,
      13,
      2,
      3,
      4
    ],
    "3a2b8e8d": [
      20,
      1,
      13,
      2,
      3,
      4
    ],
    "947570d6": [
      20,
      1,
      13,
      2,
      3,
      4
    ],
    "87cbdbee": [
      20,
      1,
      13,
      2,
      3,
      4
    ],
    "1edb32d9": [
      20,
      1,
      13,
      2,
      3,
      4
    ],
    "719f470e": [
      20,
      1,
      13,
      2,
      3,
      4
    ],
    "87cb6a36": [
      20,
      1,
      13,
      2,
      3,
      4
    ],
    "87cb713a": [
      20,
      1,
      13,
      2,
      3,
      4
    ],
    "59864d4a": [
      10
    ],