{
  "publicPath": "/",
  "all": [
    "8.920f812eac437727c301.js",
    "674f50d287a8c48dc19ba404d20fe713.eot",
    "b06871f281fee6b241d60582ae9369b9.ttf",
    "fee66e712a8a08eef5805a46892932ad.woff",
    "af7ae505a9eed503f8b8e6982036873e.woff2",
    "204b172dd6571305bf15fe2a7903ccbc.svg",
    "0.13e852ecb30ceefa4285.js",
    "1.0be01aa533b62799e7a8.js",
    "2.05beb092542a42696129.js",
    "3.7c2a47d241948530c328.js",
    "4.2adaf11c7c48d48bdd6a.js",
    "5.8b50a98822ae5edefd6f.js",
    "6.de968d4efe5eae83fea8.js",
    "7.247eebf284e60a907786.js",
    "912ec66d7572ff821749319396470bde.svg",
    "9.69239dd05dbdf8a9cee1.js",
    "10.246597e18679c0e0e3e4.js",
    "11.c06253f360f1d0279109.js",
    "12.ebea824d6d44866d6b53.js",
    "13.94274adf1c9f733542dd.js",
    "manifest.a4787e29b490f077fa8a.js",
    "vendors.9436241005323517f89b.js",
    "app.c0ad26c4d8365b73bbbd.js",
    "app.5eac5e978b7fa9a89b3aeb20259cc5e9.css",
    "app.a5a376d2fd3634291b8a1ba3c3394e87.css",
    "favicon.ico",
    "vendors.dll.c2b72d9269f5e739b7df.js",
    "__non-ssr-page__.html"
  ],
  "initial": [
    "manifest.a4787e29b490f077fa8a.js",
    "vendors.9436241005323517f89b.js",
    "app.c0ad26c4d8365b73bbbd.js"
  ],
  "async": [
    "8.920f812eac437727c301.js",
    "0.13e852ecb30ceefa4285.js",
    "1.0be01aa533b62799e7a8.js",
    "2.05beb092542a42696129.js",
    "3.7c2a47d241948530c328.js",
    "4.2adaf11c7c48d48bdd6a.js",
    "5.8b50a98822ae5edefd6f.js",
    "6.de968d4efe5eae83fea8.js",
    "7.247eebf284e60a907786.js",
    "9.69239dd05dbdf8a9cee1.js",
    "10.246597e18679c0e0e3e4.js",
    "11.c06253f360f1d0279109.js",
    "12.ebea824d6d44866d6b53.js",
    "13.94274adf1c9f733542dd.js",
    "vendors.dll.c2b72d9269f5e739b7df.js"
  ],
  "modules": {
    "c9ffe7d4": [
      22,
      23
    ],
    "8ef84ff2": [
      21,
      24
    ],
    "55206a62": [
      22,
      23
    ],
    "c64cb7dc": [
      21,
      24
    ],
    "7f8c92d5": [
      22,
      23
    ],
    "29b55f1f": [
      22,
      23
    ],
    "6428fbf4": [
      22,
      23
    ],
    "5570e6ce": [
      22,
      23
    ],
    "f5fdf956": [
      22,
      23
    ],
    "d56811ca": [
      22,
      23
    ],
    "fd69a308": [
      22,
      23
    ],
    "5ca817ba": [
      21,
      24
    ],
    "72c3626d": [
      22,
      23
    ],
    "3ee15a93": [
      21,
      24
    ],
    "97b601ac": [
      21,
      24
    ],
    "98cbf18c": [
      21,
      24
    ],
    "6a70ad38": [
      21,
      24
    ],
    "19b3cf71": [
      21,
      24
    ],
    "e35a96ba": [
      21,
      24
    ],
    "47ff75ec": [
      21,
      24
    ],
    "9789655a": [
      22,
      23
    ],
    "e112522a": [
      21,
      24
    ],
    "ff0d425a": [
      22,
      23
    ],
    "c8264fd8": [
      22,
      23
    ],
    "e03307a4": [
      22,
      23
    ],
    "c9e7f88a": [
      22,
      23
    ],
    "62ace2e6": [
      22,
      23
    ],
    "6f232d92": [
      22,
      23
    ],
    "f85222e0": [
      22,
      23
    ],
    "735a68a3": [
      22,
      23
    ],
    "edaa8a46": [
      22,
      23
    ],
    "1305e2b3": [
      22,
      23
    ],
    "2655a327": [
      22,
      23
    ],
    "7c146231": [
      22,
      23
    ],
    "294d86a7": [
      22,
      23
    ],
    "770d21c2": [
      22,
      23
    ],
    "6e5b24f0": [
      21,
      24
    ],
    "c73983da": [
      22,
      23
    ],
    "13830d38": [
      21,
      24
    ],
    "1098e289": [
      21,
      24
    ],
    "4b32240d": [
      21,
      24
    ],
    "6b839f08": [
      22,
      23
    ],
    "f46a327e": [
      22,
      23
    ],
    "78a3a708": [
      22,
      23
    ],
    "5b0eac4a": [
      22,
      23
    ],
    "e92fd14e": [
      22,
      23
    ],
    "078218fb": [
      22,
      23
    ],
    "74c35cc5": [
      22,
      23
    ],
    "36cfa864": [
      22,
      23
    ],
    "62a5b708": [
      22,
      23
    ],
    "2bb281fd": [
      22,
      23
    ],
    "077c21b8": [
      22,
      23
    ],
    "66de2111": [
      22,
      23
    ],
    "42a7c0cc": [
      22,
      23
    ],
    "fa760906": [
      22,
      23
    ],
    "5e8e9b38": [
      22,
      23
    ],
    "293e7d96": [
      22,
      23
    ],
    "46b44d2e": [
      22,
      23
    ],
    "0d518a90": [
      22,
      23
    ],
    "fffa0e58": [
      22,
      23
    ],
    "36ef862a": [
      22,
      23
    ],
    "6d217af1": [
      22,
      23
    ],
    "8a7380a8": [
      22,
      23
    ],
    "594cd7be": [
      22,
      23
    ],
    "5d27aad8": [
      22,
      23
    ],
    "4e51304b": [
      22,
      23
    ],
    "93e213b6": [
      21,
      24
    ],
    "00338856": [
      21,
      24
    ],
    "d54d7d34": [
      21,
      24
    ]
  }
}