{
  "publicPath": "/",
  "all": [
    "7.91ae837c693151fb12db.js",
    "674f50d287a8c48dc19ba404d20fe713.eot",
    "b06871f281fee6b241d60582ae9369b9.ttf",
    "fee66e712a8a08eef5805a46892932ad.woff",
    "af7ae505a9eed503f8b8e6982036873e.woff2",
    "204b172dd6571305bf15fe2a7903ccbc.svg",
    "0.356c037bdb39ce351746.js",
    "1.e31b531bc20dd64020aa.js",
    "2.2e224ca9b993c63c50a0.js",
    "3.5a0edb003ab366e9f0f7.js",
    "4.c93c7cd803a0e6b68f01.js",
    "5.257024f7662d62fbeeed.js",
    "6.ac99a832548f08d5c3a8.js",
    "912ec66d7572ff821749319396470bde.svg",
    "8.13ed2d21c905188afb57.js",
    "9.eca3181b057fcf0c3734.js",
    "10.986acae4546afca3ef0b.js",
    "11.63e3c81dd331a954f7ed.js",
    "12.56fca1baa46b2048e53b.js",
    "13.470e4d7660d9daf49b6a.js",
    "manifest.9e9b1569660f562a92d4.js",
    "vendors.1fe811cfbf758d908212.js",
    "app.029a1ec171ca216e26b5.css",
    "app.029a1ec171ca216e26b5.js",
    "favicon.ico",
    "vendors.dll.c2b72d9269f5e739b7df.js",
    "__non-ssr-page__.html"
  ],
  "initial": [
    "manifest.9e9b1569660f562a92d4.js",
    "vendors.1fe811cfbf758d908212.js",
    "app.029a1ec171ca216e26b5.js"
  ],
  "async": [
    "7.91ae837c693151fb12db.js",
    "0.356c037bdb39ce351746.js",
    "1.e31b531bc20dd64020aa.js",
    "2.2e224ca9b993c63c50a0.js",
    "3.5a0edb003ab366e9f0f7.js",
    "4.c93c7cd803a0e6b68f01.js",
    "5.257024f7662d62fbeeed.js",
    "6.ac99a832548f08d5c3a8.js",
    "8.13ed2d21c905188afb57.js",
    "9.eca3181b057fcf0c3734.js",
    "10.986acae4546afca3ef0b.js",
    "11.63e3c81dd331a954f7ed.js",
    "12.56fca1baa46b2048e53b.js",
    "13.470e4d7660d9daf49b6a.js",
    "vendors.dll.c2b72d9269f5e739b7df.js"
  ],
  "modules": {
    "c9ffe7d4": [
      22,
      23
    ],
    "7f8c92d5": [
      22,
      23
    ],
    "6428fbf4": [
      22,
      23
    ],
    "8ef84ff2": [
      21
    ],
    "d56811ca": [
      22,
      23
    ],
    "55206a62": [
      22,
      23
    ],
    "72c3626d": [
      22,
      23
    ],
    "0f9d17c4": [
      21
    ],
    "c01d5c4a": [
      21
    ],
    "9789655a": [
      22,
      23
    ],
    "f5fdf956": [
      22,
      23
    ],
    "e112522a": [
      21
    ],
    "ff0d425a": [
      22,
      23
    ],
    "c8264fd8": [
      22,
      23
    ],
    "e03307a4": [
      22,
      23
    ],
    "29b55f1f": [
      22,
      23
    ],
    "fd69a308": [
      22,
      23
    ],
    "5570e6ce": [
      22,
      23
    ],
    "c9e7f88a": [
      22,
      23
    ],
    "62ace2e6": [
      22,
      23
    ],
    "6f232d92": [
      22,
      23
    ],
    "f85222e0": [
      22,
      23
    ],
    "735a68a3": [
      22,
      23
    ],
    "edaa8a46": [
      22,
      23
    ],
    "1305e2b3": [
      22,
      23
    ],
    "2655a327": [
      22,
      23
    ],
    "7c146231": [
      22,
      23
    ],
    "294d86a7": [
      22,
      23
    ],
    "770d21c2": [
      22,
      23
    ],
    "6e5b24f0": [
      21
    ],
    "c73983da": [
      22,
      23
    ],
    "f46a327e": [
      22,
      23
    ],
    "6b839f08": [
      22,
      23
    ],
    "63cff612": [
      22,
      23
    ],
    "5b0eac4a": [
      22,
      23
    ],
    "e92fd14e": [
      22,
      23
    ],
    "a3f527ae": [
      22,
      23
    ],
    "5737c31e": [
      22,
      23
    ],
    "14dc1ed7": [
      22,
      23
    ],
    "b5a290e2": [
      22,
      23
    ],
    "a4105cdc": [
      22,
      23
    ],
    "4513a84c": [
      22,
      23
    ],
    "a9d795f6": [
      22,
      23
    ],
    "22abc246": [
      22,
      23
    ],
    "2bb281fd": [
      22,
      23
    ],
    "077c21b8": [
      22,
      23
    ],
    "66de2111": [
      22,
      23
    ],
    "42a7c0cc": [
      22,
      23
    ],
    "fa760906": [
      22,
      23
    ],
    "5e8e9b38": [
      22,
      23
    ],
    "293e7d96": [
      22,
      23
    ],
    "f0434d48": [
      22,
      23
    ],
    "1f8aa7a4": [
      22,
      23
    ],
    "0d518a90": [
      22,
      23
    ],
    "fffa0e58": [
      22,
      23
    ],
    "36ef862a": [
      22,
      23
    ],
    "6d217af1": [
      22,
      23
    ],
    "e338194c": [
      22,
      23
    ],
    "617f63a2": [
      22,
      23
    ],
    "a300c228": [
      22,
      23
    ],
    "2e6afd98": [
      22,
      23
    ],
    "5d27aad8": [
      22,
      23
    ],
    "4e51304b": [
      22,
      23
    ],
    "c64cb7dc": [
      21
    ],
    "4a6ba934": [
      17
    ],
    "0578ffae": [
      17
    ],
    "f6c5fea0": [
      19
    ],
    "386e1424": [
      19
    ],
    "8420d248": [
      19
    ],
    "12a9d708": [
      15
    ],
    "2e8030cc": [
      15
    ],
    "33c060c2": [
      15
    ],
    "206ab1e7": [
      15
    ],
    "5775ae14": [
      15
    ],
    "fbb6fb48": [
      15
    ],
    "7d647ca3": [
      15
    ],
    "02e5ff5b": [
      15
    ],
    "f12c16a4": [
      15
    ],
    "0ceb7766": [
      15
    ],
    "41362ab8": [
      15
    ],
    "64e66d5c": [
      15
    ],
    "7854a248": [
      7
    ],
    "57afe700": [
      7
    ],
    "d53064dc": [
      0
    ],
    "dd7c4c4c": [
      0
    ],
    "1d0d7602": [
      12
    ],
    "24260c08": [
      6
    ],
    "56f43afb": [
      11
    ],
    "d2456cb8": [
      9
    ],
    "502e7f58": [
      8
    ],
    "14df1534": [
      7
    ],
    "5adfb55a": [
      10
    ],
    "604a597c": [
      0
    ],
    "0590a2af": [
      14
    ],
    "6e741420": [
      19
    ],
    "55b6ecc0": [
      18
    ],
    "4f1c097f": [
      17
    ],
    "1a84a4ae": [
      16
    ],
    "0da4839e": [
      15
    ],
    "3ee15a93": [
      21
    ],
    "97b601ac": [
      21
    ],
    "98cbf18c": [
      21
    ],
    "6a70ad38": [
      21
    ],
    "19b3cf71": [
      21
    ],
    "e35a96ba": [
      21
    ],
    "47ff75ec": [
      21
    ],
    "13830d38": [
      21
    ],
    "1098e289": [
      21
    ],
    "4b32240d": [
      21
    ],
    "5ca817ba": [
      21
    ],
    "93e213b6": [
      21
    ],
    "00338856": [
      21
    ],
    "d54d7d34": [
      21
    ]
  }
}