{
  "publicPath": "/",
  "all": [
    "4.f1fd6044513c59eca96e.js",
    "674f50d287a8c48dc19ba404d20fe713.eot",
    "fee66e712a8a08eef5805a46892932ad.woff",
    "b06871f281fee6b241d60582ae9369b9.ttf",
    "912ec66d7572ff821749319396470bde.svg",
    "204b172dd6571305bf15fe2a7903ccbc.svg",
    "0.4714d5b8781a915e9c8f.js",
    "1.acd05951dc29316b2bc4.js",
    "2.8b16283d820021124763.js",
    "3.297b57b232dfc5ff54a6.js",
    "af7ae505a9eed503f8b8e6982036873e.woff2",
    "5.82b6793c1f80848b55eb.js",
    "6.2e6f08067a6b16dcdf74.js",
    "7.3eb274ea17c12e7b016e.js",
    "8.75090c11804d654d450f.js",
    "app.fb65e941f93f48aab8be.js",
    "vendors.f26f11c04eced22b1d87.js",
    "manifest.adca8f8677755da08e2c.js",
    "app.fb65e941f93f48aab8be.css",
    "favicon.ico",
    "__non-ssr-page__.html"
  ],
  "initial": [
    "manifest.adca8f8677755da08e2c.js",
    "vendors.f26f11c04eced22b1d87.js",
    "app.fb65e941f93f48aab8be.js"
  ],
  "async": [
    "4.f1fd6044513c59eca96e.js",
    "0.4714d5b8781a915e9c8f.js",
    "1.acd05951dc29316b2bc4.js",
    "2.8b16283d820021124763.js",
    "3.297b57b232dfc5ff54a6.js",
    "5.82b6793c1f80848b55eb.js",
    "6.2e6f08067a6b16dcdf74.js",
    "7.3eb274ea17c12e7b016e.js",
    "8.75090c11804d654d450f.js"
  ],
  "modules": {
    "7ef0b39b": [
      16
    ],
    "cbb964f8": [
      16
    ],
    "362fd13e": [
      15,
      18
    ],
    "c62f0cca": [
      15,
      18
    ],
    "4b2c855b": [
      16
    ],
    "3b0ce3a3": [
      15,
      18
    ],
    "61d3490e": [
      16
    ],
    "c12f2872": [
      16
    ],
    "52df4bec": [
      16
    ],
    "2b1028e4": [
      15,
      18
    ],
    "39ad952d": [
      16
    ],
    "b7eab50a": [
      15,
      18
    ],
    "0867bb72": [
      16
    ],
    "568cad02": [
      16
    ],
    "657e6fdd": [
      16
    ],
    "a42bd108": [
      16
    ],
    "c24d18b4": [
      16
    ],
    "4aee95b4": [
      16
    ],
    "0337c0bd": [
      15,
      18
    ],
    "9ec8f89e": [
      16
    ],
    "0a8418fe": [
      15,
      18
    ],
    "a5949082": [
      15,
      18
    ],
    "7bf54279": [
      15,
      18
    ],
    "4bb1c801": [
      15,
      18
    ],
    "56aad863": [
      15,
      18
    ],
    "4e51304b": [
      15,
      18
    ],
    "dd9e3650": [
      15,
      18
    ],
    "504eff9f": [
      16
    ],
    "5ceceacc": [
      16
    ],
    "59ded733": [
      16
    ],
    "1a49d45a": [
      16
    ],
    "6fc5a9ba": [
      16
    ],
    "2734822b": [
      16
    ],
    "c2eb95e4": [
      16
    ],
    "33944ac8": [
      16
    ],
    "dc8e0ce4": [
      16
    ],
    "1b39c4ab": [
      16
    ],
    "683181a0": [
      16
    ],
    "bc2fea06": [
      16
    ],
    "5b2d7bf4": [
      16
    ],
    "2d829c53": [
      16
    ],
    "c4ec3b1e": [
      16
    ],
    "1bac2a7c": [
      16
    ],
    "f53c1da2": [
      16
    ],
    "1533047c": [
      16
    ],
    "bcf8d272": [
      16
    ],
    "199d3c83": [
      16
    ],
    "d03c0f8a": [
      15,
      18
    ],
    "60658cf4": [
      15,
      18
    ],
    "0624d18e": [
      15,
      18
    ],
    "1f216774": [
      15,
      18
    ],
    "0b78abcf": [
      15,
      18
    ],
    "50ebfc1c": [
      15,
      18
    ],
    "1be78abf": [
      15,
      18
    ],
    "0270a705": [
      15,
      18
    ],
    "5167c904": [
      15,
      18
    ],
    "5e8e9b38": [
      15,
      18
    ],
    "fa760906": [
      15,
      18
    ],
    "42a7c0cc": [
      15,
      18
    ],
    "66de2111": [
      15,
      18
    ],
    "077c21b8": [
      15,
      18
    ],
    "2bb281fd": [
      15,
      18
    ],
    "12b75f74": [
      15,
      18
    ],
    "65ee358c": [
      15,
      18
    ],
    "78ffafb1": [
      15,
      18
    ],
    "7f492838": [
      15,
      18
    ],
    "70f2c3ff": [
      15,
      18
    ],
    "1a034d6c": [
      15,
      18
    ],
    "043a98d7": [
      15,
      18
    ],
    "2ac0a38e": [
      16
    ],
    "90c57a84": [
      16
    ],
    "c01d5c4a": [
      15,
      18
    ],
    "1d34e851": [
      15,
      18
    ],
    "69d3ad84": [
      9
    ],
    "76d1c66c": [
      9
    ],
    "1d5be042": [
      6
    ],
    "3d8e46f1": [
      6
    ],
    "27a9f8ab": [
      6
    ],
    "73e62fbd": [
      6
    ],
    "d592f590": [
      6
    ],
    "3d1a876c": [
      6
    ],
    "8c591ffc": [
      6
    ],
    "4d2007b0": [
      6
    ],
    "7cd5151a": [
      6
    ],
    "063fbebe": [
      6
    ],
    "3c8a5a39": [
      6
    ],
    "0316f62c": [
      8
    ],
    "44abdb7c": [
      8
    ],
    "2256d94c": [
      7,
      5
    ],
    "6e93105e": [
      7,
      5
    ],
    "71bd14ba": [
      7,
      5
    ],
    "07fe5484": [
      0
    ],
    "374b80ec": [
      0
    ],
    "16f12623": [
      9
    ],
    "6fc9e942": [
      6
    ],
    "04393c3b": [
      13
    ],
    "daa3ee94": [
      8
    ],
    "64148bc8": [
      14
    ],
    "35b7f7b8": [
      7,
      5
    ],
    "2ff25725": [
      11
    ],
    "096ac6a6": [
      0
    ],
    "8d1572d2": [
      12
    ]
  }
}